# Redirect archival content from old servers
# interactives.lowyinstitute.org
/fonops_maps/Overview.html                             /archive/fonops                                 301
/fonops_maps/*                                         /archive/fonops/:splat                          301

/publications/the-prime-ministers-in-washington        /archive/the-prime-ministers-in-america         301
/publications/the-prime-ministers-in-washington-notes  /archive/the-prime-ministers-in-america/notes   301
/publications/the-prime-ministers-in-america           /archive/the-prime-ministers-in-america         301
/publications/pacific-aid-map-country-profiles         /archive/pacific-aid-map-country-profiles       301
/publications/PNGin2017/png-in-2017-home.html          /archive/png-in-2017                            301
/publications/PNGin2017/*                              /archive/png-in-2017/:splat                     301

# publications.lowyinstitute.org
/shanahan/charities-and-terrorism-lessons-from-the-syrian-crisis.html /archive/charities-and-terrorism-lessons-from-the-syrian-crisis 301

# Moved content
/features/indonesia-votes/                             /features/indonesia-votes-2019/                 301
/features/australian-attitudes-to-climate-change/      https://www.lowyinstitute.org/issues/australia-climate-change    301
